情感类别,关键词
爱情,感情
爱情,结婚
爱情,恋爱
爱情,分手
爱情,前任
爱情,男友
爱情,离婚
爱情,七夕
爱情,前男友
爱情,前女友
爱情,现任
爱情,ex
爱情,道别
爱情,一见钟情
爱情,浪漫
爱情,娶
爱情,女友
爱情,嫁
爱情,好感
爱情,在一起
爱情,心动
爱情,想他
爱情,想她
爱情,表白
爱情,情书
爱情,爱情
爱情,动情
爱情,不够喜欢
爱情,重蹈覆辙
爱情,喜欢的人
爱情,想你
爱情,爱的人
爱情,爱你
爱情,被绿
负能量,独自
负能量,好怕
负能量,离开
负能量,癌症
负能量,晚期
负能量,病魔
负能量,绝症
负能量,哭了
负能量,好冷
负能量,无所谓
负能量,担忧
负能量,淡了
负能量,失态
负能量,恋人
负能量,难受
负能量,出卖
负能量,折磨
负能量,破防
负能量,孤独
负能量,难熬
负能量,不甘心
负能量,顶不住
负能量,死
负能量,绝望
负能量,痛苦
负能量,窒息
负能量,难过
负能量,放弃
负能量,撑不过
负能量,丧
负能量,自杀
负能量,崩溃
负能量,堕落
负能量,玉玉
回忆,高中
回忆,初中
回忆,记忆
回忆,小时候
回忆,童年
回忆,年轻时
回忆,曾经
回忆,小学
回忆,遗憾
回忆,重逢
回忆,大学时
回忆,本科
回忆,读书
回忆,上学
回忆,想当初
回忆,回想
回忆,想念
回忆,怀念
回忆,思念
回忆,后悔
回忆,同桌
回忆,从何说起
回忆,久违
回忆,记录
回忆,不顺
回忆,忘不了
回忆,错过
回忆,回忆
回忆,岁
回忆,学完
回忆,珍惜
回忆,失去
回忆,时间
回忆,青春
回忆,回来
梦想,未来
梦想,高考
梦想,成功
梦想,考研
梦想,上岸
梦想,中考
梦想,脱单
梦想,加薪
梦想,升职
梦想,中奖
梦想,发财
梦想,富婆
梦想,包养
梦想,小鲜肉
梦想,长高
梦想,变帅
梦想,金榜题名
梦想,985高校
梦想,211高校
梦想,硕
梦想,博
梦想,盼
梦想,概念理解
梦想,死记硬背
梦想,数学
梦想,语文
梦想,英语
梦想,生物
梦想,化学
梦想,艺考
梦想,坚持
梦想,考
梦想,专升本
梦想,学习
梦想,备考
梦想,披星戴月
梦想,考
梦想,联考
梦想,倒计时
梦想,公考
梦想,考公
梦想,跨考
梦想,奋斗
梦想,图书馆
梦想,朝九晚五
梦想,加油
梦想,冲
梦想,政治
梦想,单词
梦想,学
梦想,未来
梦想,面试
亲情,妈
亲情,爸
亲情,姐姐
亲情,家人
亲情,哥哥
亲情,奶奶
亲情,爷爷
亲情,外婆
亲情,外公
亲情,弟弟
亲情,妹妹
亲情,爹
亲情,娘
亲情,亲人
亲情,大舅
亲情,二舅
亲情,大姨
亲情,叔叔
亲情,阿姨
亲情,舅舅
亲情,婶婶
亲情,姥姥
亲情,七大姑
亲情,八大姨
亲情,回家
亲情,家
亲情,父亲
亲情,母亲
事业,工作
事业,上班
事业,公司
事业,老板
事业,同事
事业,辞职
事业,打工
事业,创业
事业,工资
喜爱的歌手,王菲
喜爱的歌手,陈奕迅
喜爱的歌手,IU
喜爱的歌手,林宥嘉
喜爱的歌手,张学友
喜爱的歌手,Lady Gaga
喜爱的歌手,Adele
喜爱的歌手,Jony J
喜爱的歌手,李宗盛
喜爱的歌手,周华健
喜爱的歌手,杨千嬅
喜爱的歌手,薛之谦
喜爱的歌手,毛不易
喜爱的歌手,邓紫棋
喜爱的歌手,周深
喜爱的歌手,梁静茹
喜爱的歌手,孙燕姿
喜爱的歌手,陈粒
喜爱的歌手,王靖雯不胖
喜爱的歌手,米津玄师
喜爱的歌手,宇多田光
喜爱的歌手,中岛美嘉
喜爱的歌手,Taylor Swift
喜爱的歌手,Justin Bieber
喜爱的歌手,华晨宇
喜爱的歌手,花花
喜爱的歌手,凉凉
喜爱的歌手,Eason
喜爱的歌手,Yoga
喜爱的歌手,yoga
喜爱的歌手,鳖
喜爱的歌手,阿呆
喜爱的歌手,谦谦
喜爱的歌手,毛
喜爱的歌手,笑姑婆
喜爱的歌手,金鱼
喜爱的歌手,解解
喜爱的歌手,邓皇
喜爱的歌手,霉霉
喜爱的歌手,豆芽
喜爱的歌手,faye
